<metadata xml:lang="en"><Esri><CreaDate>20240222</CreaDate><CreaTime>17124500</CreaTime><ArcGISFormat>1.0</ArcGISFormat><ArcGISstyle>FGDC CSDGM Metadata</ArcGISstyle><SyncOnce>FALSE</SyncOnce><DataProperties><lineage><Process ToolSource="e:\sw_nt\arcgis\desktop10.6\ArcToolbox\Toolboxes\Data Management Tools.tbx\RegisterWithGeodatabase" Date="20240220" Time="113424">RegisterWithGeodatabase "Database Connections\BCGW_PROD.sde\WHSE_FOREST_VEGETATION_2023.VEG_COMP_LYR_L1_POLY" OBJECTID GEOMETRY POLYGON "PROJCS['NAD_1983_BC_Environment_Albers',GEOGCS['GCS_North_American_1983',DATUM['D_North_American_1983',SPHEROID['GRS_1980',6378137.0,298.257222101]],PRIMEM['Greenwich',0.0],UNIT['Degree',0.0174532925199433]],PROJECTION['Albers'],PARAMETER['False_Easting',1000000.0],PARAMETER['False_Northing',0.0],PARAMETER['Central_Meridian',-126.0],PARAMETER['Standard_Parallel_1',50.0],PARAMETER['Standard_Parallel_2',58.5],PARAMETER['Latitude_Of_Origin',45.0],UNIT['Meter',1.0]];-13239300 -8610100 10000;-100000 10000;-100000 10000;0.001;0.001;0.001;IsHighPrecision" #</Process><Process ToolSource="c:\program files\arcgis\pro\Resources\ArcToolbox\toolboxes\Conversion Tools.tbx\ExportFeatures" Date="20250310" Time="194815">ExportFeatures WHSE_FOREST_VEGETATION_2023.VEG_COMP_LYR_L1_POLY C:\Users\ryanj\Documents\ArcGIS\Projects\comprehensive_regression_analysis\comprehensive_regression_analysis.gdb\tfl_38_VRI # NOT_USE_ALIAS "FEATURE_ID "FEATURE_ID" true true false 4 Long 0 0,First,#,WHSE_FOREST_VEGETATION_2023.VEG_COMP_LYR_L1_POLY,FEATURE_ID,-1,-1;MAP_ID "MAP_ID" true true false 7 Text 0 0,First,#,WHSE_FOREST_VEGETATION_2023.VEG_COMP_LYR_L1_POLY,MAP_ID,0,6;POLYGON_ID "POLYGON_ID" true true false 4 Long 0 0,First,#,WHSE_FOREST_VEGETATION_2023.VEG_COMP_LYR_L1_POLY,POLYGON_ID,-1,-1;POLYGON_AREA "POLYGON_AREA" true true false 8 Double 0 0,First,#,WHSE_FOREST_VEGETATION_2023.VEG_COMP_LYR_L1_POLY,POLYGON_AREA,-1,-1;INPUT_DATE "INPUT_DATE" true true false 8 Date 0 0,First,#,WHSE_FOREST_VEGETATION_2023.VEG_COMP_LYR_L1_POLY,INPUT_DATE,-1,-1;INTERPRETATION_DATE "INTERPRETATION_DATE" true true false 8 Date 0 0,First,#,WHSE_FOREST_VEGETATION_2023.VEG_COMP_LYR_L1_POLY,INTERPRETATION_DATE,-1,-1;PROJECT "PROJECT" true true false 100 Text 0 0,First,#,WHSE_FOREST_VEGETATION_2023.VEG_COMP_LYR_L1_POLY,PROJECT,0,99;REFERENCE_YEAR "REFERENCE_YEAR" true true false 2 Short 0 0,First,#,WHSE_FOREST_VEGETATION_2023.VEG_COMP_LYR_L1_POLY,REFERENCE_YEAR,-1,-1;FULL_LABEL "FULL_LABEL" true true false 1000 Text 0 0,First,#,WHSE_FOREST_VEGETATION_2023.VEG_COMP_LYR_L1_POLY,FULL_LABEL,0,999;BEC_ZONE_CODE "BEC_ZONE_CODE" true true false 4 Text 0 0,First,#,WHSE_FOREST_VEGETATION_2023.VEG_COMP_LYR_L1_POLY,BEC_ZONE_CODE,0,3;BEC_SUBZONE "BEC_SUBZONE" true true false 3 Text 0 0,First,#,WHSE_FOREST_VEGETATION_2023.VEG_COMP_LYR_L1_POLY,BEC_SUBZONE,0,2;HARVEST_DATE "HARVEST_DATE" true true false 8 Date 0 0,First,#,WHSE_FOREST_VEGETATION_2023.VEG_COMP_LYR_L1_POLY,HARVEST_DATE,-1,-1;CROWN_CLOSURE "CROWN_CLOSURE" true true false 2 Short 0 0,First,#,WHSE_FOREST_VEGETATION_2023.VEG_COMP_LYR_L1_POLY,CROWN_CLOSURE,-1,-1;REFERENCE_DATE "REFERENCE_DATE" true true false 8 Date 0 0,First,#,WHSE_FOREST_VEGETATION_2023.VEG_COMP_LYR_L1_POLY,REFERENCE_DATE,-1,-1;DBH_LIMIT "DBH_LIMIT" true true false 2 Short 0 0,First,#,WHSE_FOREST_VEGETATION_2023.VEG_COMP_LYR_L1_POLY,DBH_LIMIT,-1,-1;BASAL_AREA "BASAL_AREA" true true false 8 Double 0 0,First,#,WHSE_FOREST_VEGETATION_2023.VEG_COMP_LYR_L1_POLY,BASAL_AREA,-1,-1;VRI_LIVE_STEMS_PER_HA "VRI_LIVE_STEMS_PER_HA" true true false 4 Long 0 0,First,#,WHSE_FOREST_VEGETATION_2023.VEG_COMP_LYR_L1_POLY,VRI_LIVE_STEMS_PER_HA,-1,-1;SPECIES_CD_1 "SPECIES_CD_1" true true false 10 Text 0 0,First,#,WHSE_FOREST_VEGETATION_2023.VEG_COMP_LYR_L1_POLY,SPECIES_CD_1,0,9;PROJ_AGE_1 "PROJ_AGE_1" true true false 2 Short 0 0,First,#,WHSE_FOREST_VEGETATION_2023.VEG_COMP_LYR_L1_POLY,PROJ_AGE_1,-1,-1;PROJ_HEIGHT_1 "PROJ_HEIGHT_1" true true false 4 Float 0 0,First,#,WHSE_FOREST_VEGETATION_2023.VEG_COMP_LYR_L1_POLY,PROJ_HEIGHT_1,-1,-1;WHOLE_STEM_BIOMASS_PER_HA "WHOLE_STEM_BIOMASS_PER_HA" true true false 8 Double 0 0,First,#,WHSE_FOREST_VEGETATION_2023.VEG_COMP_LYR_L1_POLY,WHOLE_STEM_BIOMASS_PER_HA,-1,-1;FEATURE_AREA_SQM "FEATURE_AREA_SQM" true true false 8 Double 0 0,First,#,WHSE_FOREST_VEGETATION_2023.VEG_COMP_LYR_L1_POLY,FEATURE_AREA_SQM,-1,-1;FEATURE_LENGTH_M "FEATURE_LENGTH_M" true true false 8 Double 0 0,First,#,WHSE_FOREST_VEGETATION_2023.VEG_COMP_LYR_L1_POLY,FEATURE_LENGTH_M,-1,-1;GEOMETRY_Length "GEOMETRY_Length" false true true 8 Double 0 0,First,#,WHSE_FOREST_VEGETATION_2023.VEG_COMP_LYR_L1_POLY,GEOMETRY_Length,-1,-1;GEOMETRY_Area "GEOMETRY_Area" false true true 8 Double 0 0,First,#,WHSE_FOREST_VEGETATION_2023.VEG_COMP_LYR_L1_POLY,GEOMETRY_Area,-1,-1" #</Process><Process ToolSource="c:\program files\arcgis\pro\Resources\ArcToolbox\toolboxes\Conversion Tools.tbx\ExportFeatures" Date="20250310" Time="195107">ExportFeatures tfl_38_VRI C:\Users\ryanj\Documents\ArcGIS\Projects\comprehensive_regression_analysis\comprehensive_regression_analysis.gdb\tfl_38_VRI_cleaned # NOT_USE_ALIAS "FEATURE_ID "FEATURE_ID" true true false 4 Long 0 0,First,#,tfl_38_VRI,FEATURE_ID,-1,-1;MAP_ID "MAP_ID" true true false 7 Text 0 0,First,#,tfl_38_VRI,MAP_ID,0,6;POLYGON_ID "POLYGON_ID" true true false 4 Long 0 0,First,#,tfl_38_VRI,POLYGON_ID,-1,-1;POLYGON_AREA "POLYGON_AREA" true true false 8 Double 0 0,First,#,tfl_38_VRI,POLYGON_AREA,-1,-1;INTERPRETATION_DATE "INTERPRETATION_DATE" true true false 8 Date 0 0,First,#,tfl_38_VRI,INTERPRETATION_DATE,-1,-1;PROJECT "PROJECT" true true false 100 Text 0 0,First,#,tfl_38_VRI,PROJECT,0,99;FULL_LABEL "FULL_LABEL" true true false 1000 Text 0 0,First,#,tfl_38_VRI,FULL_LABEL,0,999;BEC_ZONE_CODE "BEC_ZONE_CODE" true true false 4 Text 0 0,First,#,tfl_38_VRI,BEC_ZONE_CODE,0,3;BEC_SUBZONE "BEC_SUBZONE" true true false 3 Text 0 0,First,#,tfl_38_VRI,BEC_SUBZONE,0,2;CROWN_CLOSURE "CROWN_CLOSURE" true true false 2 Short 0 0,First,#,tfl_38_VRI,CROWN_CLOSURE,-1,-1;BASAL_AREA "BASAL_AREA" true true false 8 Double 0 0,First,#,tfl_38_VRI,BASAL_AREA,-1,-1;VRI_LIVE_STEMS_PER_HA "VRI_LIVE_STEMS_PER_HA" true true false 4 Long 0 0,First,#,tfl_38_VRI,VRI_LIVE_STEMS_PER_HA,-1,-1;SPECIES_CD_1 "SPECIES_CD_1" true true false 10 Text 0 0,First,#,tfl_38_VRI,SPECIES_CD_1,0,9;PROJ_AGE_1 "PROJ_AGE_1" true true false 2 Short 0 0,First,#,tfl_38_VRI,PROJ_AGE_1,-1,-1;PROJ_HEIGHT_1 "PROJ_HEIGHT_1" true true false 4 Float 0 0,First,#,tfl_38_VRI,PROJ_HEIGHT_1,-1,-1;WHOLE_STEM_BIOMASS_PER_HA "WHOLE_STEM_BIOMASS_PER_HA" true true false 8 Double 0 0,First,#,tfl_38_VRI,WHOLE_STEM_BIOMASS_PER_HA,-1,-1;FEATURE_AREA_SQM "FEATURE_AREA_SQM" true true false 8 Double 0 0,First,#,tfl_38_VRI,FEATURE_AREA_SQM,-1,-1;FEATURE_LENGTH_M "FEATURE_LENGTH_M" true true false 8 Double 0 0,First,#,tfl_38_VRI,FEATURE_LENGTH_M,-1,-1;Shape_Length "Shape_Length" false true true 8 Double 0 0,First,#,tfl_38_VRI,Shape_Length,-1,-1;Shape_Area "Shape_Area" false true true 8 Double 0 0,First,#,tfl_38_VRI,Shape_Area,-1,-1" #</Process><Process ToolSource="c:\program files\arcgis\pro\Resources\ArcToolbox\toolboxes\Conversion Tools.tbx\ExportFeatures" Date="20250310" Time="211815">ExportFeatures tfl_38_VRI_cleaned C:\Users\ryanj\Desktop\COGS\PROG5000\2010\data\tfl_38_VRI_cleaned.shp # NOT_USE_ALIAS "FEATURE_ID "FEATURE_ID" true true false 4 Long 0 0,First,#,tfl_38_VRI_cleaned,FEATURE_ID,-1,-1;MAP_ID "MAP_ID" true true false 7 Text 0 0,First,#,tfl_38_VRI_cleaned,MAP_ID,0,6;POLYGON_ID "POLYGON_ID" true true false 4 Long 0 0,First,#,tfl_38_VRI_cleaned,POLYGON_ID,-1,-1;POLYGON_AREA "POLYGON_AREA" true true false 8 Double 0 0,First,#,tfl_38_VRI_cleaned,POLYGON_AREA,-1,-1;INTERPRETATION_DATE "INTERPRETATION_DATE" true true false 8 Date 0 0,First,#,tfl_38_VRI_cleaned,INTERPRETATION_DATE,-1,-1;PROJECT "PROJECT" true true false 100 Text 0 0,First,#,tfl_38_VRI_cleaned,PROJECT,0,99;FULL_LABEL "FULL_LABEL" true true false 1000 Text 0 0,First,#,tfl_38_VRI_cleaned,FULL_LABEL,0,999;BEC_ZONE_CODE "BEC_ZONE_CODE" true true false 4 Text 0 0,First,#,tfl_38_VRI_cleaned,BEC_ZONE_CODE,0,3;BEC_SUBZONE "BEC_SUBZONE" true true false 3 Text 0 0,First,#,tfl_38_VRI_cleaned,BEC_SUBZONE,0,2;CROWN_CLOSURE "CROWN_CLOSURE" true true false 2 Short 0 0,First,#,tfl_38_VRI_cleaned,CROWN_CLOSURE,-1,-1;BASAL_AREA "BASAL_AREA" true true false 8 Double 0 0,First,#,tfl_38_VRI_cleaned,BASAL_AREA,-1,-1;VRI_LIVE_STEMS_PER_HA "VRI_LIVE_STEMS_PER_HA" true true false 4 Long 0 0,First,#,tfl_38_VRI_cleaned,VRI_LIVE_STEMS_PER_HA,-1,-1;SPECIES_CD_1 "SPECIES_CD_1" true true false 10 Text 0 0,First,#,tfl_38_VRI_cleaned,SPECIES_CD_1,0,9;PROJ_AGE_1 "PROJ_AGE_1" true true false 2 Short 0 0,First,#,tfl_38_VRI_cleaned,PROJ_AGE_1,-1,-1;PROJ_HEIGHT_1 "PROJ_HEIGHT_1" true true false 4 Float 0 0,First,#,tfl_38_VRI_cleaned,PROJ_HEIGHT_1,-1,-1;WHOLE_STEM_BIOMASS_PER_HA "WHOLE_STEM_BIOMASS_PER_HA" true true false 8 Double 0 0,First,#,tfl_38_VRI_cleaned,WHOLE_STEM_BIOMASS_PER_HA,-1,-1;FEATURE_AREA_SQM "FEATURE_AREA_SQM" true true false 8 Double 0 0,First,#,tfl_38_VRI_cleaned,FEATURE_AREA_SQM,-1,-1;FEATURE_LENGTH_M "FEATURE_LENGTH_M" true true false 8 Double 0 0,First,#,tfl_38_VRI_cleaned,FEATURE_LENGTH_M,-1,-1;Shape_Length "Shape_Length" false true true 8 Double 0 0,First,#,tfl_38_VRI_cleaned,Shape_Length,-1,-1;Shape_Area "Shape_Area" false true true 8 Double 0 0,First,#,tfl_38_VRI_cleaned,Shape_Area,-1,-1" #</Process></lineage><itemProps><itemLocation><linkage Sync="TRUE">file://\\MILHOUSE\C$\Users\ryanj\Desktop\COGS\PROG5000\2010\data\tfl_38_VRI_cleaned.shp</linkage><protocol Sync="TRUE">Local Area Network</protocol></itemLocation><itemName Sync="TRUE">tfl_38_VRI_cleaned</itemName><imsContentType Sync="TRUE">002</imsContentType><itemSize Sync="TRUE">0.000</itemSize></itemProps><coordRef><type Sync="TRUE">Projected</type><geogcsn Sync="TRUE">GCS_North_American_1983</geogcsn><csUnits Sync="TRUE">Linear Unit: Meter (1.000000)</csUnits><projcsn Sync="TRUE">NAD_1983_BC_Environment_Albers</projcsn><peXml Sync="TRUE">&lt;ProjectedCoordinateSystem xsi:type='typens:ProjectedCoordinateSystem' xmlns:xsi='http://www.w3.org/2001/XMLSchema-instance' xmlns:xs='http://www.w3.org/2001/XMLSchema' xmlns:typens='http://www.esri.com/schemas/ArcGIS/3.4.0'&gt;&lt;WKT&gt;PROJCS[&amp;quot;NAD_1983_BC_Environment_Albers&amp;quot;,GEOGCS[&amp;quot;GCS_North_American_1983&amp;quot;,DATUM[&amp;quot;D_North_American_1983&amp;quot;,SPHEROID[&amp;quot;GRS_1980&amp;quot;,6378137.0,298.257222101]],PRIMEM[&amp;quot;Greenwich&amp;quot;,0.0],UNIT[&amp;quot;Degree&amp;quot;,0.0174532925199433]],PROJECTION[&amp;quot;Albers&amp;quot;],PARAMETER[&amp;quot;False_Easting&amp;quot;,1000000.0],PARAMETER[&amp;quot;False_Northing&amp;quot;,0.0],PARAMETER[&amp;quot;Central_Meridian&amp;quot;,-126.0],PARAMETER[&amp;quot;Standard_Parallel_1&amp;quot;,50.0],PARAMETER[&amp;quot;Standard_Parallel_2&amp;quot;,58.5],PARAMETER[&amp;quot;Latitude_Of_Origin&amp;quot;,45.0],UNIT[&amp;quot;Meter&amp;quot;,1.0],AUTHORITY[&amp;quot;EPSG&amp;quot;,3005]]&lt;/WKT&gt;&lt;XOrigin&gt;-13239300&lt;/XOrigin&gt;&lt;YOrigin&gt;-8610100&lt;/YOrigin&gt;&lt;XYScale&gt;316279566.22660488&lt;/XYScale&gt;&lt;ZOrigin&gt;-100000&lt;/ZOrigin&gt;&lt;ZScale&gt;10000&lt;/ZScale&gt;&lt;MOrigin&gt;-100000&lt;/MOrigin&gt;&lt;MScale&gt;10000&lt;/MScale&gt;&lt;XYTolerance&gt;0.001&lt;/XYTolerance&gt;&lt;ZTolerance&gt;0.001&lt;/ZTolerance&gt;&lt;MTolerance&gt;0.001&lt;/MTolerance&gt;&lt;HighPrecision&gt;true&lt;/HighPrecision&gt;&lt;WKID&gt;102190&lt;/WKID&gt;&lt;LatestWKID&gt;3005&lt;/LatestWKID&gt;&lt;/ProjectedCoordinateSystem&gt;</peXml></coordRef></DataProperties><SyncDate>20250310</SyncDate><SyncTime>21181500</SyncTime><ModDate>20250310</ModDate><ModTime>21181500</ModTime></Esri><dataIdInfo><envirDesc Sync="TRUE">Microsoft Windows 10 Version 10.0 (Build 22631) ; Esri ArcGIS 13.4.0.55405</envirDesc><dataLang><languageCode value="eng" Sync="TRUE"></languageCode><countryCode value="CAN" Sync="TRUE"></countryCode></dataLang><idCitation><resTitle Sync="TRUE">tfl_38_VRI_cleaned</resTitle><presForm><PresFormCd value="005" Sync="TRUE"></PresFormCd></presForm></idCitation><spatRpType><SpatRepTypCd value="001" Sync="TRUE"></SpatRepTypCd></spatRpType></dataIdInfo><mdLang><languageCode value="eng" Sync="TRUE"></languageCode><countryCode value="CAN" Sync="TRUE"></countryCode></mdLang><distInfo><distFormat><formatName Sync="TRUE">Shapefile</formatName></distFormat><distTranOps><transSize Sync="TRUE">0.000</transSize></distTranOps></distInfo><mdHrLv><ScopeCd value="005" Sync="TRUE"></ScopeCd></mdHrLv><mdHrLvName Sync="TRUE">dataset</mdHrLvName><refSysInfo><RefSystem><refSysID><identCode code="3005" Sync="TRUE"></identCode><idCodeSpace Sync="TRUE">EPSG</idCodeSpace><idVersion Sync="TRUE">6.11(9.0.0)</idVersion></refSysID></RefSystem></refSysInfo><spatRepInfo><VectSpatRep><geometObjs Name="tfl_38_VRI_cleaned"><geoObjTyp><GeoObjTypCd value="002" Sync="TRUE"></GeoObjTypCd></geoObjTyp><geoObjCnt Sync="TRUE">0</geoObjCnt></geometObjs><topLvl><TopoLevCd value="001" Sync="TRUE"></TopoLevCd></topLvl></VectSpatRep></spatRepInfo><spdoinfo><ptvctinf><esriterm Name="tfl_38_VRI_cleaned"><efeatyp Sync="TRUE">Simple</efeatyp><efeageom code="4" Sync="TRUE"></efeageom><esritopo Sync="TRUE">FALSE</esritopo><efeacnt Sync="TRUE">0</efeacnt><spindex Sync="TRUE">FALSE</spindex><linrefer Sync="TRUE">FALSE</linrefer></esriterm></ptvctinf></spdoinfo><eainfo><detailed Name="tfl_38_VRI_cleaned"><enttyp><enttypl Sync="TRUE">tfl_38_VRI_cleaned</enttypl><enttypt Sync="TRUE">Feature Class</enttypt><enttypc Sync="TRUE">0</enttypc></enttyp><attr><attrlabl Sync="TRUE">FID</attrlabl><attalias Sync="TRUE">FID</attalias><attrtype Sync="TRUE">OID</attrtype><attwidth Sync="TRUE">4</attwidth><atprecis Sync="TRUE">0</atprecis><attscale Sync="TRUE">0</attscale><attrdef Sync="TRUE">Internal feature number.</attrdef><attrdefs Sync="TRUE">Esri</attrdefs><attrdomv><udom Sync="TRUE">Sequential unique whole numbers that are automatically generated.</udom></attrdomv></attr><attr><attrlabl Sync="TRUE">Shape</attrlabl><attalias Sync="TRUE">Shape</attalias><attrtype Sync="TRUE">Geometry</attrtype><attwidth Sync="TRUE">0</attwidth><atprecis Sync="TRUE">0</atprecis><attscale Sync="TRUE">0</attscale><attrdef Sync="TRUE">Feature geometry.</attrdef><attrdefs Sync="TRUE">Esri</attrdefs><attrdomv><udom Sync="TRUE">Coordinates defining the features.</udom></attrdomv></attr><attr><attrlabl Sync="TRUE">FEATURE_ID</attrlabl><attalias Sync="TRUE">FEATURE_ID</attalias><attrtype Sync="TRUE">Integer</attrtype><attwidth Sync="TRUE">10</attwidth><atprecis Sync="TRUE">10</atprecis><attscale Sync="TRUE">0</attscale></attr><attr><attrlabl Sync="TRUE">MAP_ID</attrlabl><attalias Sync="TRUE">MAP_ID</attalias><attrtype Sync="TRUE">String</attrtype><attwidth Sync="TRUE">7</attwidth><atprecis Sync="TRUE">0</atprecis><attscale Sync="TRUE">0</attscale></attr><attr><attrlabl Sync="TRUE">POLYGON_ID</attrlabl><attalias Sync="TRUE">POLYGON_ID</attalias><attrtype Sync="TRUE">Integer</attrtype><attwidth Sync="TRUE">10</attwidth><atprecis Sync="TRUE">10</atprecis><attscale Sync="TRUE">0</attscale></attr><attr><attrlabl Sync="TRUE">POLYGON_AR</attrlabl><attalias Sync="TRUE">POLYGON_AR</attalias><attrtype Sync="TRUE">Double</attrtype><attwidth Sync="TRUE">19</attwidth><atprecis Sync="TRUE">0</atprecis><attscale Sync="TRUE">0</attscale></attr><attr><attrlabl Sync="TRUE">INTERPRETA</attrlabl><attalias Sync="TRUE">INTERPRETA</attalias><attrtype Sync="TRUE">Date</attrtype><attwidth Sync="TRUE">8</attwidth><atprecis Sync="TRUE">0</atprecis><attscale Sync="TRUE">0</attscale></attr><attr><attrlabl Sync="TRUE">PROJECT</attrlabl><attalias Sync="TRUE">PROJECT</attalias><attrtype Sync="TRUE">String</attrtype><attwidth Sync="TRUE">100</attwidth><atprecis Sync="TRUE">0</atprecis><attscale Sync="TRUE">0</attscale></attr><attr><attrlabl Sync="TRUE">FULL_LABEL</attrlabl><attalias Sync="TRUE">FULL_LABEL</attalias><attrtype Sync="TRUE">String</attrtype><attwidth Sync="TRUE">254</attwidth><atprecis Sync="TRUE">0</atprecis><attscale Sync="TRUE">0</attscale></attr><attr><attrlabl Sync="TRUE">BEC_ZONE_C</attrlabl><attalias Sync="TRUE">BEC_ZONE_C</attalias><attrtype Sync="TRUE">String</attrtype><attwidth Sync="TRUE">4</attwidth><atprecis Sync="TRUE">0</atprecis><attscale Sync="TRUE">0</attscale></attr><attr><attrlabl Sync="TRUE">BEC_SUBZON</attrlabl><attalias Sync="TRUE">BEC_SUBZON</attalias><attrtype Sync="TRUE">String</attrtype><attwidth Sync="TRUE">3</attwidth><atprecis Sync="TRUE">0</atprecis><attscale Sync="TRUE">0</attscale></attr><attr><attrlabl Sync="TRUE">CROWN_CLOS</attrlabl><attalias Sync="TRUE">CROWN_CLOS</attalias><attrtype Sync="TRUE">Integer</attrtype><attwidth Sync="TRUE">5</attwidth><atprecis Sync="TRUE">5</atprecis><attscale Sync="TRUE">0</attscale></attr><attr><attrlabl Sync="TRUE">BASAL_AREA</attrlabl><attalias Sync="TRUE">BASAL_AREA</attalias><attrtype Sync="TRUE">Double</attrtype><attwidth Sync="TRUE">19</attwidth><atprecis Sync="TRUE">0</atprecis><attscale Sync="TRUE">0</attscale></attr><attr><attrlabl Sync="TRUE">VRI_LIVE_S</attrlabl><attalias Sync="TRUE">VRI_LIVE_S</attalias><attrtype Sync="TRUE">Integer</attrtype><attwidth Sync="TRUE">10</attwidth><atprecis Sync="TRUE">10</atprecis><attscale Sync="TRUE">0</attscale></attr><attr><attrlabl Sync="TRUE">SPECIES_CD</attrlabl><attalias Sync="TRUE">SPECIES_CD</attalias><attrtype Sync="TRUE">String</attrtype><attwidth Sync="TRUE">10</attwidth><atprecis Sync="TRUE">0</atprecis><attscale Sync="TRUE">0</attscale></attr><attr><attrlabl Sync="TRUE">PROJ_AGE_1</attrlabl><attalias Sync="TRUE">PROJ_AGE_1</attalias><attrtype Sync="TRUE">Integer</attrtype><attwidth Sync="TRUE">5</attwidth><atprecis Sync="TRUE">5</atprecis><attscale Sync="TRUE">0</attscale></attr><attr><attrlabl Sync="TRUE">PROJ_HEIGH</attrlabl><attalias Sync="TRUE">PROJ_HEIGH</attalias><attrtype Sync="TRUE">Single</attrtype><attwidth Sync="TRUE">13</attwidth><atprecis Sync="TRUE">0</atprecis><attscale Sync="TRUE">0</attscale></attr><attr><attrlabl Sync="TRUE">WHOLE_STEM</attrlabl><attalias Sync="TRUE">WHOLE_STEM</attalias><attrtype Sync="TRUE">Double</attrtype><attwidth Sync="TRUE">19</attwidth><atprecis Sync="TRUE">0</atprecis><attscale Sync="TRUE">0</attscale></attr><attr><attrlabl Sync="TRUE">FEATURE_AR</attrlabl><attalias Sync="TRUE">FEATURE_AR</attalias><attrtype Sync="TRUE">Double</attrtype><attwidth Sync="TRUE">19</attwidth><atprecis Sync="TRUE">0</atprecis><attscale Sync="TRUE">0</attscale></attr><attr><attrlabl Sync="TRUE">FEATURE_LE</attrlabl><attalias Sync="TRUE">FEATURE_LE</attalias><attrtype Sync="TRUE">Double</attrtype><attwidth Sync="TRUE">19</attwidth><atprecis Sync="TRUE">0</atprecis><attscale Sync="TRUE">0</attscale></attr><attr><attrlabl Sync="TRUE">Shape_Leng</attrlabl><attalias Sync="TRUE">Shape_Leng</attalias><attrtype Sync="TRUE">Double</attrtype><attwidth Sync="TRUE">19</attwidth><atprecis Sync="TRUE">0</atprecis><attscale Sync="TRUE">0</attscale></attr><attr><attrlabl Sync="TRUE">Shape_Area</attrlabl><attalias Sync="TRUE">Shape_Area</attalias><attrtype Sync="TRUE">Double</attrtype><attwidth Sync="TRUE">19</attwidth><atprecis Sync="TRUE">0</atprecis><attscale Sync="TRUE">0</attscale><attrdef Sync="TRUE">Area of feature in internal units squared.</attrdef><attrdefs Sync="TRUE">Esri</attrdefs><attrdomv><udom Sync="TRUE">Positive real numbers that are automatically generated.</udom></attrdomv></attr></detailed></eainfo><mdDateSt Sync="TRUE">20250310</mdDateSt></metadata>
